id,firstName,lastName
1,Ahmad,West
2,Lizbeth,Haley
3,Delia,Brakus
4,Genaro,Streich
5,Katherin,Dare
6,Andrew,Cormier
7,Hortencia,Schinner
8,Franklin,Cronin
9,Ervin,Hermann
10,Brice,Frami
11,Lydia,Rau
12,Angelo,Feil
13,Elvin,Koch
14,Lowell,Fahey
15,Sean,Waelchi
16,Loyd,O'Hara
17,Rolland,Davis
18,Shirl,Thompson
19,Mitch,Koelpin
20,Kevin,Ankunding
21,Lane,Leannon
22,Will,Mante
23,Marquis,VonRueden
24,Elli,Grant
25,Harriet,Wiza
26,Blake,Streich
27,Ola,Reichel
28,Ardella,O'Connell
29,Billy,Hilll
30,Rachel,Hoeger
31,Robby,Johns
32,Jamal,Stracke
33,Nicholle,Cormier
34,Byron,Kohler
35,Patrice,Reinger
36,Valentine,Ernser
37,Rodrick,Bogan
38,Christen,Hermiston
39,Jerald,Veum
40,Natalya,Paucek
41,Malik,McLaughlin
42,Julian,Brekke
43,Abel,Klocko
44,Shane,Runolfsdottir
45,Margeret,Carter
46,Martin,Weimann
47,Rickey,Boyle
48,Sindy,Ortiz
49,Margit,Rice
50,John,Kunde
51,Arletha,Rodriguez
52,Becky,Gerhold
53,Dino,Gerlach
54,Rico,Gibson
55,Tara,Wiza
56,Von,Lockman
57,Margery,Schowalter
58,Jamaal,Funk
59,Jeannie,Kuphal
60,Deandra,Mertz
61,Marinda,Sipes
62,Wm,Mueller
63,Jone,Balistreri
64,Fern,Hamill
65,Jesica,Bradtke
66,Talia,Luettgen
67,Vicky,Welch
68,Marty,Smitham
69,Robert,Rodriguez
70,Noel,Doyle
71,Andy,Gleichner
72,Camellia,Rutherford
73,Cliff,Berge
74,Vincenzo,Okuneva
75,Barry,Moen
76,Isabel,Donnelly
77,Breanna,Breitenberg
78,Shiela,Tromp
79,Selma,Altenwerth
80,Dianna,Spencer
81,Theodora,Haag
82,Torrie,Kshlerin
83,Waldo,D'Amore
84,Lindsey,Waters
85,Coleman,D'Amore
86,Errol,McKenzie
87,Catina,Dach
88,Ruben,Koelpin
89,Sal,Upton
90,Tanisha,Bosco
91,Karyn,Hackett
92,Alaine,Rau
93,Ardelle,O'Kon
94,Zaida,Pfannerstill
95,Alfred,Streich
96,Daryl,Schmitt
97,Jacob,Willms
98,Pasquale,Jacobs
99,Laree,Feil
100,Modesto,Lang
101,Hellen,Prosacco
102,Bernita,Ritchie
103,Augustina,Schumm
104,Jacqulyn,Connelly
105,Giovanna,Ratke
106,Roxie,Effertz
107,Avery,Jacobs
108,Windy,Purdy
109,Monte,Ortiz
110,Lane,Towne
111,Tracee,Stroman
112,Zula,Jenkins
113,Mary,Reichel
114,Cole,Gottlieb
115,Ona,Legros
116,Javier,Beatty
117,Lita,Bradtke
118,Theresa,Cartwright
119,Tawanda,Morar
120,Colin,Keebler
121,Britney,Bernier
122,Rodrick,Kunze
123,Cinthia,Barton
124,Ollie,Legros
125,Dee,DuBuque
126,Barb,Hane
127,Tiara,Welch
128,Kathern,Bailey
129,Garrett,Lesch
130,Kristopher,Frami
131,Kennith,Hartmann
132,Micheal,Koepp
133,Sylvester,Kovacek
134,Gina,Watsica
135,Freeda,Mante
136,Ciera,Lehner
137,Exie,Muller
138,Dexter,Schroeder
139,Numbers,Romaguera
140,Stanford,Maggio
141,Earle,Rohan
142,Jolynn,Schroeder
143,Brant,Jacobs
144,Dane,Langworth
145,Daniel,Roob
146,Jann,Weissnat
147,Jesus,Ryan
148,Barbar,Little
149,Garret,Windler
150,Jeffry,Strosin
